date, pm25, pm10, o3, no2, so2, co
2024/10/22, 2, 6, 3, 5, 6, 2
2024/10/23, 2, , , , , 
2024/7/1, 11, 9, 7, 1, 10, 4
2024/7/2, 10, 10, 8, 2, 10, 4
2024/7/3, 15, 7, 5, , 10, 4
2024/7/4, 10, 5, 6, 1, 9, 4
2024/7/5, 5, 6, 7, 1, 10, 5
2024/7/6, 5, 4, 6, , 10, 4
2024/7/7, 6, 5, 6, 1, 11, 4
2024/7/8, 8, 6, 9, , 10, 4
2024/7/9, 9, 6, 10, 1, 10, 5
2024/7/10, 9, 6, 9, 1, 10, 5
2024/7/11, 8, 6, 8, 1, 10, 5
2024/7/12, 9, 6, 8, 1, 10, 5
2024/7/13, 7, 5, 7, 1, 10, 5
2024/7/14, 5, 7, 7, 1, 10, 5
2024/7/15, 8, 6, 7, 1, 8, 4
2024/7/16, 8, 5, 6, 2, 8, 5
2024/7/17, 6, 3, 6, 1, 10, 5
2024/7/18, 3, 4, 6, 1, 10, 6
2024/7/19, 5, 6, 5, 1, 11, 6
2024/7/20, 8, 8, 7, 1, 11, 5
2024/7/21, 9, 4, 6, 1, 11, 5
2024/7/22, 5, 15, 5, 1, 33, 5
2024/7/23, 3, 1, 6, 2, 12, 6
2024/7/24, 3, 4, 8, , 10, 6
2024/7/25, 6, 11, 23, 3, 10, 6
2024/7/26, 20, 6, 3, , 10, 3
2024/7/27, 7, 4, 2, , 10, 3
2024/7/28, 4, 4, 2, 1, 10, 3
2024/7/29, 3, 2, 2, 2, 10, 3
2024/7/30, 1, 3, 2, 2, 10, 3
2024/7/31, 4, 8, 2, 2, 10, 3
2024/8/1, 10, 6, 2, 2, 9, 2
2024/8/2, 7, 7, 2, 1, 9, 2
2024/8/3, 8, 4, 2, 2, 9, 2
2024/8/4, 4, 4, 2, 1, 9, 2
2024/8/5, 4, 5, 2, 1, 9, 2
2024/8/6, 5, 5, 2, 1, 9, 2
2024/8/7, 5, 4, 2, 1, 9, 2
2024/8/8, 4, 4, 2, 1, 9, 2
2024/8/9, 5, 5, 3, 1, 9, 2
2024/8/10, 5, 5, 2, , 9, 2
2024/8/11, 5, 1, 2, 1, 9, 3
2024/8/12, 3, 3, 2, 1, 9, 2
2024/8/13, 2, 10, 2, 1, 9, 3
2024/8/14, 10, 3, 2, 1, 9, 3
2024/8/15, 6, 1, 2, 2, 9, 4
2024/8/28, 1, 7, 2, 1, 9, 3
2024/8/29, 8, 1, 3, 1, 8, 3
2024/8/30, 2, 1, 2, 2, 8, 4
2024/4/1, 20, 13, 11, 2, 5, 5
2024/4/2, 21, 16, 10, 2, 5, 5
2024/4/3, 25, 16, 9, 1, 6, 5
2024/4/4, 24, 17, 9, 3, 6, 5
2024/4/5, 25, 23, 8, 4, 6, 6
2024/4/6, 27, 20, 6, 4, 6, 6
2024/4/7, 22, 11, 5, 2, 6, 6
2024/4/8, 10, 11, 9, 4, 6, 6
2024/4/9, 7, 16, 11, 4, 6, 6
2024/4/10, 21, 15, 11, 3, 6, 5
2024/4/11, 20, 17, 9, 2, 6, 5
2024/4/12, 21, 12, 9, 1, 6, 5
2024/4/13, 14, 10, 8, 1, 6, 4
2024/4/14, 13, 9, 9, 1, 6, 4
2024/4/15, 10, 6, 10, 2, 6, 4
2024/4/16, 6, 5, 8, 1, 6, 4
2024/4/17, 6, 6, 10, 1, 6, 4
2024/4/18, 5, 9, 10, 1, 6, 4
2024/4/19, 13, 12, 10, 1, 6, 4
2024/4/20, 17, 13, 15, 3, 6, 5
2024/4/21, 14, 9, 13, 4, 6, 5
2024/4/22, 8, 15, 9, 4, 7, 4
2024/4/23, 15, 23, 6, 7, 7, 6
2024/4/24, 21, 13, 11, 3, , 6
2024/4/25, 15, 18, 13, 1, , 6
2024/4/26, 25, 23, 16, 3, 7, 6
2024/4/27, 32, 22, 10, 4, 7, 6
2024/4/28, 30, 19, 12, 1, 7, 5
2024/4/29, 27, 20, 14, 2, , 6
2024/4/30, 29, 11, 14, 5, 7, 6
2024/5/1, 9, 6, 8, 7, 7, 7
2024/5/2, 5, 6, 11, 4, 7, 7
2024/5/3, 6, 8, 15, 2, 7, 6
2024/5/4, 8, 17, 14, 7, 7, 6
2024/5/5, 16, 22, 8, 11, 7, 7
2024/5/6, 21, 13, 11, 5, 7, 24
2024/5/7, 17, 16, 8, 4, 7, 7
2024/5/8, 16, 16, 12, 6, 7, 4
2024/5/9, 17, 15, 11, 2, 7, 4
2024/5/10, 21, 17, 11, 3, 7, 3
2024/5/11, 24, 11, 7, 5, 8, 3
2024/5/12, 14, 13, 10, 6, 8, 4
2024/5/13, 15, 17, 17, 5, 8, 4
2024/5/14, 22, 16, 16, 2, 8, 4
2024/5/15, 22, 24, 25, 5, 8, 4
2024/5/16, 28, 21, 18, 2, 8, 4
2024/5/17, 29, 13, 12, 1, 8, 3
2024/5/18, 19, 8, 11, 3, 8, 3
2024/5/19, 11, 8, 10, 3, 8, 4
2024/5/20, 7, 14, 13, 4, 8, 4
2024/5/21, 16, 14, 14, 3, 8, 4
2024/5/22, 15, 13, 20, 4, 8, 4
2024/5/23, 15, 10, 15, 2, 8, 5
2024/5/24, 13, 4, 8, 1, 8, 3
2024/5/25, 3, 7, 8, , 8, 3
2024/5/26, 9, 16, 14, 3, 8, 3
2024/5/27, 19, 11, 10, 2, 8, 3
2024/5/28, 14, 11, 13, 3, 9, 3
2024/5/29, 14, 15, 11, 3, 9, 3
2024/5/30, 22, 10, 8, 2, 8, 4
2024/5/31, 9, 9, 20, 2, 9, 4
2024/6/1, 10, 10, 11, 3, 9, 3
2024/6/2, 12, 8, 11, 1, 9, 3
2024/6/3, 10, 12, 9, 3, 9, 3
2024/6/4, 14, 9, 5, 3, 9, 4
2024/6/5, 11, 11, 8, 2, 9, 5
2024/6/6, 10, 11, 6, 4, 9, 5
2024/6/7, 11, 8, 8, 2, 9, 4
2024/6/8, 10, 7, 7, 4, 9, 4
2024/6/9, 7, 10, 7, 2, 9, 4
2024/6/10, 12, 8, 8, 1, 9, 3
2024/6/11, 11, 11, 9, 1, 9, 3
2024/6/12, 13, 15, 14, 2, 10, 4
2024/6/13, 17, 18, 18, 3, 10, 4
2024/6/14, 21, 16, 12, 3, 9, 4
2024/6/15, 19, 13, 10, 2, 9, 4
2024/6/16, 16, 12, 12, 1, 10, 4
2024/6/17, 17, 6, 11, 3, 10, 4
2024/6/18, 8, 8, 11, 1, 10, 4
2024/6/19, 13, 9, 12, 1, 10, 4
2024/6/20, 14, 10, 11, 1, 10, 4
2024/6/21, 16, 10, 6, , 10, 4
2024/6/22, 12, 11, 6, 2, 10, 4
2024/6/23, 11, 7, 5, 2, 10, 4
2024/6/24, 6, 7, 4, 3, 9, 5
2024/6/25, 7, 7, 4, 2, 9, 5
2024/6/26, 9, 9, 5, 1, 9, 5
2024/6/27, 10, 8, 7, 2, 9, 5
2024/6/28, 10, 8, 7, 1, 9, 4
2024/6/29, 12, 9, 10, 1, 10, 4
2024/6/30, 11, 9, 10, 1, 10, 4
2024/1/2, 1, 6, 7, 7, 5, 7
2024/1/3, 1, 6, 13, 8, 5, 8
2024/1/4, 1, 6, 12, 12, 5, 8
2024/1/5, 1, , 12, 8, , 7
2024/1/8, 1, 19, 13, 4, 5, 6
2024/1/9, 18, 26, 7, 8, 6, 7
2024/1/10, 32, , , , , 
2024/1/13, 14, 29, 12, 14, 7, 7
2024/1/14, 28, 27, 12, 12, 21, 6
2024/1/15, 23, 27, 15, 8, 39, 6
2024/1/16, 24, 30, 12, 4, 31, 6
2024/1/17, 36, , , , , 
2024/1/25, 10, 27, 6, 9, 3, 8
2024/1/26, 17, 9, 6, 5, 4, 8
2024/1/27, 4, 10, 5, 6, 9, 7
2024/1/28, 2, 4, 5, 1, 9, 7
2024/1/29, 1, 21, 2, 14, 5, 9
2024/1/30, 6, 23, 2, 11, 5, 9
2024/1/31, 17, 18, 5, 7, 7, 9
2024/2/1, 10, 10, 9, 1, 7, 6
2024/2/2, 3, 18, 8, 4, 7, 6
2024/2/3, 8, 16, 9, 4, 6, 6
2024/2/4, 8, 17, 6, 4, 6, 7
2024/2/5, 14, 11, 4, 6, 21, 3
2024/2/6, 10, 10, 4, 4, 20, 3
2024/2/7, 10, 6, 5, 2, 10, 3
2024/2/8, 3, , , , , 
2024/2/10, 9, 8, 12, 4, 9, 3
2024/2/11, 7, 10, 14, 5, 9, 3
2024/2/12, 9, 17, 10, 5, 9, 2
2024/2/13, 19, 8, 11, 2, 9, 1
2024/2/14, 7, 12, 10, 4, 9, 1
2024/2/15, 10, 7, 12, 4, 8, 1
2024/2/16, 4, 9, 12, 4, 7, 1
2024/2/17, 7, 7, 7, 3, 6, 1
2024/2/18, 7, 7, 7, 2, 6, 1
2024/2/19, 5, 6, 7, 1, 5, 1
2024/2/20, 4, 11, 6, 3, 5, 1
2024/2/21, 9, 8, 8, 4, 5, 2
2024/2/22, 6, 9, 3, 7, 5, 4
2024/2/23, 6, 3, 3, 6, 5, 5
2024/2/24, 1, 6, 3, 3, 5, 5
2024/2/25, 3, 5, 3, 4, 5, 5
2024/2/26, 2, 7, 3, 5, 5, 5
2024/2/27, 13, 9, 2, 6, 5, 5
2024/2/28, 6, 5, 3, 4, 5, 5
2024/2/29, 2, 6, 5, 3, 5, 4
2024/3/1, 2, 9, 8, 4, 5, 5
2024/3/2, 4, 16, 9, 8, 5, 5
2024/3/3, 9, 11, 4, 6, 5, 8
2024/3/4, 19, 13, 15, 3, 5, 6
2024/3/5, 13, 21, 10, 5, 5, 5
2024/3/6, 15, 25, 10, 8, 5, 5
2024/3/7, 16, 24, 13, 11, 5, 6
2024/3/8, 17, 2, 7, 4, 5, 6
2024/3/9, 1, 2, 8, 4, , 5
2024/3/10, 1, 4, 8, 3, , 5
2024/3/11, 3, 13, 16, 4, 5, 5
2024/3/12, 8, 7, 14, 6, 5, 5
2024/3/13, 5, 6, 5, 8, 5, 5
2024/3/14, 6, 29, 6, 4, 5, 5
2024/3/15, 43, 27, 5, 4, 5, 5
2024/3/16, 37, 30, 3, 5, , 5
2024/3/17, 39, 22, 3, 3, 5, 4
2024/3/18, 30, 11, 6, 3, 5, 5
2024/3/19, 11, 40, 7, 7, 5, 5
2024/3/20, 37, 33, 18, 6, 5, 5
2024/3/21, 39, 26, 10, 4, 5, 5
2024/3/22, 34, 17, 9, 2, 5, 4
2024/3/23, 25, 17, 7, 2, 5, 5
2024/3/24, 21, 13, 7, 2, 5, 5
2024/3/25, 17, 13, 8, 2, 5, 4
2024/3/26, 15, 8, 7, 1, 5, 5
2024/3/27, 10, 13, 4, 4, 5, 6
2024/3/28, 14, 17, 12, 2, 5, 6
2024/3/29, 17, 10, 8, 2, 5, 6
2024/3/30, 13, 9, 11, 2, 5, 5
2024/3/31, 13, 13, 12, 2, 5, 5
2023/10/1, 20, 21, 5, 3, , 5
2023/10/2, 19, 20, 7, 8, , 5
2023/10/3, 21, 21, 6, 4, , 5
2023/10/4, 25, 21, 7, 5, , 5
2023/10/5, 26, 24, 10, 5, , 6
2023/10/6, 25, , , , , 
2023/10/10, 15, 20, 6, 3, , 4
2023/10/11, 13, 17, 5, 5, 1, 5
2023/10/12, 15, 21, 8, 5, , 4
2023/10/13, 19, 25, 8, 8, , 5
2023/10/14, 21, 22, 8, 5, , 5
2023/10/15, 17, 24, 9, 5, , 5
2023/10/16, 22, , , , , 
2023/10/18, 21, 10, 5, 4, , 4
2023/10/19, 9, 9, 4, 5, 1, 4
2023/10/20, 7, 20, 5, 3, , 5
2023/10/21, 13, 11, 4, 4, , 5
2023/10/22, 8, 21, 5, 9, , 5
2023/10/23, 21, 29, 5, 9, , 5
2023/10/24, 25, 32, 16, 12, 4, 6
2023/10/25, 27, 29, 15, 9, , 4
2023/10/26, 27, 37, 13, 12, , 5
2023/10/27, 31, 27, 12, 6, , 5
2023/10/28, 23, 20, 9, 2, , 5
2023/10/29, 21, 17, 10, 3, , 5
2023/10/30, 12, 24, 14, 5, , 5
2023/10/31, 20, 30, 18, 8, , 6
2023/11/1, 27, 36, 15, 13, , 5
2023/11/2, 32, 34, 10, 7, , 5
2023/11/3, 41, 14, 8, 1, , 4
2023/11/4, 18, 18, 9, 5, , 3
2023/11/5, 22, 23, 9, 5, , 4
2023/11/6, 25, 22, 13, 2, , 4
2023/11/7, 17, 22, 13, 5, 3, 1
2023/11/8, 27, 13, 9, 7, 3, 1
2023/11/9, 13, 7, 8, 3, 2, 6
2023/11/10, 9, , , , , 
2023/11/12, 19, 12, 5, 6, 1, 1
2023/11/13, 12, 10, 7, , 1, 1
2023/11/14, 11, 18, 8, 9, 4, 7
2023/11/15, 21, 6, 6, 6, 4, 6
2023/11/16, 7, , , , , 
2023/11/18, 23, 23, 3, 15, 23, 7
2023/11/19, 28, , , , , 
2023/12/5, 21, 11, 6, 6, 14, 7
2023/12/6, 15, 1, 12, 6, 12, 7
2023/12/13, 1, 5, 11, 4, 11, 6
2023/12/14, 1, 5, 4, 3, 11, 5
2023/12/15, 1, 5, 5, 5, 11, 6
2023/12/16, 1, 5, 3, 7, 10, 7
2023/12/17, 1, 5, 3, 9, 10, 7
2023/12/18, 1, 5, 3, 4, 10, 7
2023/12/19, 1, 5, 7, 8, 6, 6
2023/12/20, 1, 6, 11, 5, 6, 7
2023/12/21, 1, 5, 11, 6, 7, 7
2023/7/1, 14, 12, 9, 3, 10, 4
2023/7/2, 13, 12, 9, 30, 10, 4
2023/7/3, 13, 12, 8, 71, 10, 4
2023/7/4, 13, 8, 7, 52, 9, 3
2023/7/5, 9, 13, 9, 4, 9, 4
2023/7/6, 15, 18, 7, 1, 9, 4
2023/7/7, 23, 15, 7, 2, 9, 4
2023/7/8, 19, 14, 8, 3, 9, 
2023/7/9, 18, 12, 9, 5, 10, 4
2023/7/10, 14, 10, 9, 4, , 4
2023/7/11, 11, 11, 11, 4, , 
2023/7/12, 13, , , , , 
2023/8/8, 7, 14, 9, 5, 11, 7
2023/8/9, 13, 24, 11, 10, 11, 7
2023/8/10, 21, 12, 7, 8, 11, 7
2023/8/11, 11, 12, 3, 8, 10, 8
2023/8/12, 14, 1, 3, 6, 10, 8
2023/8/14, 2, 1, 11, 4, 10, 3
2023/8/23, 6, 10, 7, 4, 12, 1
2023/8/24, 10, 9, 7, 5, 12, 1
2023/8/25, 9, 15, 4, 63, 12, 1
2023/8/26, 16, 16, 8, 69, , 
2023/8/27, 14, 18, 6, 69, , 
2023/8/28, 15, 17, 6, 38, , 
2023/8/29, 11, 19, 12, , , 
2023/8/30, 13, 20, 14, 2, , 
2023/8/31, 17, 17, 14, 1, , 
2023/9/1, 16, 13, 13, 1, , 
2023/9/2, 12, 8, 9, 5, , 
2023/9/3, 8, 9, 7, , , 
2023/9/4, 7, 12, 10, , , 
2023/9/5, 11, 16, 14, 2, 7, 5
2023/9/6, 16, 21, 10, 2, 1, 5
2023/9/7, 22, 17, 12, 2, , 5
2023/9/8, 19, 14, 10, 2, , 5
2023/9/9, 16, 12, 10, 1, , 5
2023/9/10, 12, 11, 9, 3, , 5
2023/9/11, 13, 10, 6, 2, 38, 6
2023/9/12, 11, 10, 6, , 44, 5
2023/9/13, 8, 6, 7, , 45, 5
2023/9/14, 5, , , , , 
2023/9/18, 4, 6, 7, , , 3
2023/9/19, 6, 7, 5, 1, , 3
2023/9/20, 7, 10, 4, 2, , 3
2023/9/21, 10, 14, 5, 2, , 3
2023/9/22, 13, 15, 6, 3, , 3
2023/9/23, 15, 20, 7, 5, , 3
2023/9/24, 18, 21, 5, 4, , 4
2023/9/25, 20, 7, 4, 5, , 4
2023/9/26, 9, 7, 3, 2, 1, 4
2023/9/27, 9, 11, 4, 3, 1, 5
2023/9/28, 12, 14, 4, 3, 1, 5
2023/9/29, 13, 26, 3, 2, , 6
2023/9/30, 25, 20, 3, 4, , 6
2023/4/1, 22, 24, 12, 5, 6, 8
2023/4/2, 29, 23, 10, 1, 6, 6
2023/4/3, 27, 30, 10, 4, 6, 7
2023/4/4, 33, 34, 11, 3, 5, 6
2023/4/5, 38, 38, 12, 6, 5, 7
2023/4/6, 40, 38, 16, 15, 5, 7
2023/4/7, 27, 28, 12, 10, 4, 4
2023/4/8, 28, 25, 11, 12, 4, 3
2023/4/9, 31, 18, 8, 20, 4, 3
2023/4/10, 23, 21, 11, 10, 4, 3
2023/4/11, 22, 42, 12, 10, 4, 2
2023/4/12, 49, 31, 13, 7, 3, 1
2023/4/13, 33, 41, 7, 13, 3, 2
2023/4/14, 41, 42, 10, 11, 3, 3
2023/4/15, 46, 44, 28, 11, 3, 2
2023/4/16, 42, 49, 13, 9, 2, 3
2023/4/17, 50, 35, 12, 2, 2, 1
2023/4/18, 34, 47, 13, 6, 1, 1
2023/4/19, 48, 43, 19, 15, 1, 2
2023/4/20, 41, 50, 16, 8, 1, 1
2023/4/21, 60, 32, 16, 2, 1, 1
2023/4/22, 41, 30, 11, 2, 1, 1
2023/4/23, 36, 21, 7, 1, , 
2023/4/24, 25, , , , , 
2023/4/27, 26, 22, 16, 3, 1, 3
2023/4/28, 24, 22, 11, 12, 1, 4
2023/4/29, 20, 30, 18, 7, 1, 4
2023/4/30, 22, 62, 28, 6, 1, 4
2023/5/1, 59, 37, 19, 4, , 4
2023/5/2, 33, 21, 12, 3, , 3
2023/5/3, 23, 24, 10, 2, , 3
2023/5/4, 29, 34, 15, 3, 1, 3
2023/5/5, 40, 36, 17, 1, , 3
2023/5/6, 44, 34, 17, 2, , 3
2023/5/7, 39, 17, 12, 9, , 3
2023/5/8, 14, 24, 15, 14, 1, 3
2023/5/9, 23, 16, 14, 2, 2, 3
2023/5/10, 20, 11, 9, 6, , 13
2023/5/11, 10, 17, 7, 5, , 14
2023/5/12, 8, 9, 8, 5, , 13
2023/5/13, 5, 19, 13, 6, 3, 15
2023/5/14, 16, 25, 14, 8, 1, 13
2023/5/15, 21, 15, 10, 5, , 7
2023/5/16, 15, 33, 18, 8, , 2
2023/5/17, 32, 36, 20, 6, 1, 1
2023/5/18, 36, , , , , 
2023/5/21, 40, 34, 12, 4, , 1
2023/5/22, 40, 37, 11, 6, , 1
2023/5/23, 35, 52, 10, 12, , 2
2023/5/24, 50, 22, 9, 8, , 1
2023/5/25, 22, 17, 9, 3, 10, 2
2023/5/26, 16, 14, 8, 2, 10, 3
2023/5/27, 13, 27, 12, 7, 10, 3
2023/5/28, 22, 33, 7, 6, 10, 4
2023/5/29, 30, 27, 11, 5, 10, 4
2023/5/30, 26, 20, 7, 4, 11, 4
2023/5/31, 20, 23, 10, 4, 11, 4
2023/6/1, 19, 18, 12, 3, 10, 4
2023/6/2, 17, 23, 10, 5, 10, 4
2023/6/3, 20, , , , , 
2023/6/6, 17, 22, 9, 10, 12, 2
2023/6/7, 16, , , , , 
2023/6/11, 17, 18, 11, 6, 11, 5
2023/6/12, 14, 25, 9, 9, 11, 5
2023/6/13, 19, 26, 6, 12, 11, 5
2023/6/14, 19, 19, 11, 8, 11, 5
2023/6/15, 17, 18, 9, 3, 10, 4
2023/6/16, 16, 16, 9, 3, 10, 4
2023/6/17, 17, 14, 9, 3, 10, 4
2023/6/18, 14, 11, 9, 3, 11, 4
2023/6/19, 10, 12, 9, 3, 11, 4
2023/6/20, 11, 19, 10, 6, 10, 4
2023/6/21, 17, , , , , 
2023/6/23, 23, 16, 5, 6, 11, 4
2023/6/24, 12, 13, 5, 7, 11, 4
2023/6/25, 10, 10, 6, 5, 11, 4
2023/6/26, 8, 10, 6, 5, 11, 4
2023/6/27, 9, 13, 6, 3, 10, 4
2023/6/28, 11, 8, 8, 1, 10, 4
2023/6/29, 9, 13, 10, 3, 10, 4
2023/6/30, 15, 13, 10, 4, 10, 4
2023/1/2, 1, 1, 8, 15, , 3
2023/1/3, 1, 1, 16, 19, , 4
2023/1/4, 1, 1, 10, 21, , 5
2023/1/5, 1, 1, 17, 15, , 4
2023/1/6, 1, 1, 19, 16, , 3
2023/1/7, 1, 1, 20, 21, , 4
2023/1/8, 1, 1, 13, 16, , 3
2023/1/9, 1, 1, 9, 11, , 3
2023/1/10, 1, 1, 7, 14, , 3
2023/1/11, 1, 1, 10, 14, , 3
2023/1/12, 1, 1, 17, 9, , 3
2023/1/13, 1, 1, 17, 13, , 3
2023/1/14, 1, 1, 10, 15, 1, 3
2023/1/15, 1, 1, 8, 12, , 2
2023/1/16, 1, 1, 11, 10, , 2
2023/1/17, 1, 1, 12, 11, , 3
2023/1/18, 1, 1, 16, 21, , 3
2023/1/19, 1, 1, 21, 10, , 3
2023/1/20, 1, 1, 23, 11, , 3
2023/1/21, 1, 1, 18, 10, , 3
2023/1/22, 1, 1, 12, 9, , 3
2023/1/23, 1, 1, 16, 6, , 3
2023/1/24, 1, 1, 22, 6, , 2
2023/1/25, 1, 1, 18, 19, , 3
2023/1/26, 1, 1, 14, 7, 1, 2
2023/1/27, 1, 1, 21, 9, , 2
2023/1/28, 1, , 23, 15, 1, 3
2023/2/10, 1, 1, 11, 5, , 2
2023/2/11, 1, 1, 9, 4, , 2
2023/2/12, 1, 1, 11, 6, , 3
2023/2/13, 1, 1, 11, 10, , 3
2023/2/14, 1, 1, 13, 12, , 3
2023/2/15, 1, 1, 18, 16, , 3
2023/2/16, 1, 1, 25, 13, , 2
2023/2/17, 1, 1, 20, 11, , 2
2023/2/18, 1, 1, 16, 13, , 2
2023/2/19, 1, 1, 25, 12, , 4
2023/2/20, 1, 1, 33, 12, , 4
2023/2/21, 1, 1, 28, 10, 22, 2
2023/2/22, 1, 1, 24, 9, 18, 3
2023/2/23, 1, 1, 13, 18, , 
2023/2/24, 1, 1, 22, 11, , 
2023/2/25, 1, 1, 23, 17, , 
2023/2/26, 1, 1, 28, 19, , 
2023/2/27, 1, 1, 24, 17, , 
2023/2/28, 1, 1, 18, 14, , 
2023/3/1, 1, 1, 30, 13, , 
2023/3/2, 1, 30, 30, 11, , 
2023/3/3, 32, 45, 27, 16, , 
2023/3/4, 54, 43, 33, 13, , 
2023/3/5, 48, 50, 27, 15, , 
2023/3/6, 54, 43, 24, 8, , 
2023/3/7, 42, 38, 18, 10, , 
2023/3/8, 40, 36, 23, 7, , 
2023/3/9, 38, 39, 20, 9, , 
2023/3/10, 40, 37, 20, 9, , 
2023/3/11, 36, 41, 17, 10, , 
2023/3/12, 40, 72, 14, 14, , 
2023/3/13, 68, 78, 27, 11, , 
2023/3/14, 80, 60, 19, 13, , 
2023/3/15, 65, 36, 17, 9, , 
2023/3/16, 39, 22, 15, 4, , 
2023/3/17, 25, 26, 18, 6, , 
2023/3/18, 27, 21, 14, 3, , 
2023/3/19, 24, 21, 10, 4, , 
2023/3/20, 25, 14, 9, 3, , 
2023/3/21, 18, 34, 13, 3, , 
2023/3/22, 43, 35, 15, 2, , 
2023/3/23, 42, 38, 12, 3, , 
2023/3/24, 44, 41, 7, 10, , 
2023/3/25, 48, 23, 6, 11, , 
2023/3/26, 19, 17, 6, 7, , 
2023/3/27, 13, 13, 6, 8, , 
2023/3/28, 11, 17, 5, 10, , 
2023/3/29, 16, 22, 4, 10, 7, 8
2023/3/30, 23, 35, 6, 16, 8, 9
2023/3/31, 35, 18, 4, 14, 7, 10
2022/10/1, 1, 1, 5, 10, 4, 3
2022/10/2, 1, 1, 9, 6, 3, 3
2022/10/3, 1, 1, 10, 9, 4, 3
2022/10/4, 1, 1, 15, 10, 4, 3
2022/10/5, 1, , , , , 
2022/10/7, 1, 1, 13, 14, 3, 4
2022/10/8, 1, 1, 16, 9, 2, 3
2022/10/9, 1, 1, 12, 11, 2, 3
2022/10/10, 1, 1, 19, 16, 1, 2
2022/10/11, 1, 1, 27, 16, 1, 3
2022/10/12, 1, 1, 27, 16, 1, 3
2022/10/13, 1, 1, 28, 16, 1, 3
2022/10/14, 1, 1, 31, 19, 1, 4
2022/10/15, 1, 1, 27, 14, , 3
2022/10/16, 1, 1, 24, 20, 5, 3
2022/10/17, 1, 1, 26, 20, 8, 3
2022/10/18, 1, 1, 19, 15, , 3
2022/10/19, 1, , 15, 9, , 3
2022/10/21, 1, 1, 28, 12, , 4
2022/10/22, 1, 1, 8, 23, , 7
2022/10/23, 1, , , , , 
2022/10/26, 1, 1, 16, 12, 1, 2
2022/10/27, 1, 1, 30, 17, 1, 4
2022/10/28, 1, 1, 27, 16, 5, 4
2022/10/29, 1, 1, 26, 14, 1, 4
2022/10/30, 1, 1, 16, 12, 4, 3
2022/10/31, 1, 1, 14, 22, 6, 3
2022/11/1, 1, 1, 26, 17, , 3
2022/11/2, 1, 1, 31, 19, 4, 3
2022/11/3, 1, 1, 27, 16, 4, 4
2022/11/4, 1, 1, 26, 14, , 3
2022/11/5, 1, 1, 22, 14, 5, 4
2022/11/6, 1, 1, 26, 13, 1, 4
2022/11/7, 1, 1, 25, 17, 3, 4
2022/11/8, 1, 1, 16, 18, 3, 4
2022/11/9, 1, 1, 16, 12, , 3
2022/11/10, 1, 1, 14, 18, , 3
2022/11/11, 1, 1, 16, 13, , 3
2022/11/12, 1, 1, 12, 15, , 3
2022/11/13, 1, 1, 15, 11, 1, 4
2022/11/14, 1, 1, 15, 9, , 3
2022/11/15, 1, 1, 13, 7, 1, 3
2022/11/16, 1, 1, 15, 3, 1, 3
2022/11/17, 1, 1, 13, 4, 1, 3
2022/11/18, 1, 1, 13, 11, 1, 3
2022/11/19, 1, 1, 16, 12, 2, 4
2022/11/20, 1, 1, 20, 19, 2, 5
2022/11/21, 1, 1, 13, 12, 1, 5
2022/11/22, 1, 1, 13, 10, 1, 5
2022/11/23, 1, 1, 5, 12, 2, 6
2022/11/24, 1, 1, 9, 16, 3, 6
2022/11/25, 1, 1, 10, 10, 1, 6
2022/11/26, 1, 1, 9, 5, 1, 4
2022/11/27, 1, 1, 9, 2, , 3
2022/11/28, 1, 1, 8, 2, , 3
2022/11/29, 1, 1, 7, 11, 1, 4
2022/11/30, 1, 1, 6, 10, 1, 4
2022/12/1, 1, 1, 3, 16, 1, 4
2022/12/2, 1, 1, 5, 18, , 4
2022/12/3, 1, 1, 5, 13, 2, 4
2022/12/4, 1, 1, 4, 12, 4, 4
2022/12/5, 1, 1, 13, 16, 4, 4
2022/12/6, 1, 1, 10, 16, 13, 5
2022/12/7, 1, 1, 10, 12, , 4
2022/12/8, 1, 1, 7, 12, , 1
2022/12/9, 1, 1, 10, 12, , 1
2022/12/10, 1, 1, 17, 15, 4, 3
2022/12/11, 1, 1, 22, 16, , 3
2022/12/12, 1, 1, 21, 23, , 4
2022/12/13, 1, 1, 24, 24, 3, 3
2022/12/14, 1, 1, 55, 21, , 10
2022/12/15, 1, 1, 23, 27, , 3
2022/12/16, 1, 1, 18, 14, , 2
2022/12/17, 1, 1, 21, 14, , 1
2022/12/18, 1, 1, 21, 40, , 2
2022/12/19, 1, 1, 17, 31, , 3
2022/12/20, 1, 1, 27, 16, , 2
2022/12/21, 1, 1, 22, 29, , 3
2022/12/22, 1, 1, 29, 29, , 2
2022/12/23, 1, 1, 29, 25, , 2
2022/12/24, 1, 1, 30, 30, , 2
2022/12/25, 1, 1, 26, 26, , 2
2022/12/26, 1, 1, 29, 23, , 2
2022/12/27, 1, 1, 23, 24, , 2
2022/12/28, 1, 1, 12, 18, , 2
2022/12/29, 1, 1, 12, 18, , 2
2022/12/30, 1, 1, 15, 24, , 3
2022/12/31, 1, 1, 20, 18, , 2
2023/1/1, 1, 1, 13, 17, , 2
2022/7/1, 8, 18, 13, 10, 4, 6
2022/7/2, 10, 22, 23, 14, 5, 7
2022/7/3, 12, 18, 17, 6, 3, 5
2022/7/4, 8, 12, 15, 2, 3, 5
2022/7/5, 6, 16, 15, 9, 3, 5
2022/7/6, 6, 14, 6, 14, 4, 6
2022/7/7, 7, 11, 8, 9, 4, 6
2022/7/8, 6, 12, 8, 8, 4, 6
2022/7/9, 5, 20, 7, 9, 3, 6
2022/7/10, 7, 13, 8, 8, 4, 5
2022/7/11, 7, 10, 8, 2, 3, 5
2022/7/12, 6, 10, 9, 4, 3, 5
2022/7/13, 6, 11, 8, 6, 3, 5
2022/7/14, 6, 6, 9, 2, 2, 5
2022/7/15, 4, 5, 10, 1, 2, 5
2022/7/16, 4, 13, 12, 1, 2, 5
2022/7/17, 8, 14, 13, 1, 2, 5
2022/7/18, 8, 12, 11, 2, 2, 5
2022/7/19, 7, 12, 9, 7, 2, 6
2022/7/20, 8, 9, 10, 3, 1, 5
2022/7/21, 6, 10, 9, 4, 1, 5
2022/7/22, 7, 13, 9, 5, 1, 5
2022/7/23, 7, 10, 9, 3, 1, 5
2022/7/24, 6, 9, 9, 3, 1, 5
2022/7/25, 5, 9, 11, 3, 2, 5
2022/7/26, 5, 9, 9, 4, 1, 5
2022/7/27, 4, 15, 8, 5, 1, 5
2022/7/28, 6, 12, 9, 5, 1, 5
2022/7/29, 6, 22, 10, 9, 1, 5
2022/7/30, 8, , , , , 
2022/8/2, 5, 15, 15, 7, 1, 6
2022/8/3, 6, 12, 13, 7, , 6
2022/8/4, 6, 10, 12, 7, 1, 6
2022/8/5, 6, 7, 8, 12, 1, 6
2022/8/6, 5, 9, 8, 8, , 7
2022/8/7, 5, 13, 7, 6, , 6
2022/8/8, 6, 17, 2, 8, 1, 6
2022/8/9, 8, 12, 2, 9, , 6
2022/8/10, 6, 5, 9, 4, , 5
2022/8/11, 4, 7, 7, 11, , 7
2022/8/12, 5, 10, 9, 6, , 6
2022/8/13, 4, 7, 11, 3, , 6
2022/8/14, 4, 10, 11, 6, 1, 6
2022/8/15, 4, 1, 10, 4, 1, 5
2022/8/16, 1, 1, 8, 5, 2, 6
2022/8/17, 1, 1, 13, 6, 1, 6
2022/8/18, 1, 1, 14, 6, , 6
2022/8/19, 1, 1, 9, 6, , 6
2022/8/20, 1, 1, 10, 1, , 5
2022/8/21, 1, 1, 10, 2, , 5
2022/8/22, 1, 1, 11, 7, , 6
2022/8/23, 1, 1, 19, 9, , 6
2022/8/24, 1, 1, 14, 12, 1, 7
2022/8/25, 1, 1, 12, 1, , 5
2022/8/26, 1, 1, 10, 2, , 6
2022/8/27, 1, , 7, 3, , 6
2022/8/31, 1, 1, 14, 10, , 1
2022/9/1, 1, , , , , 
2022/9/5, 1, 1, 28, 13, , 2
2022/9/6, 1, 1, 30, 12, , 3
2022/9/7, 1, 1, 7, 7, , 2
2022/9/8, 1, 1, 7, 5, , 1
2022/9/9, 1, , , , , 
2022/9/11, 1, 1, 20, 7, , 1
2022/9/12, 1, , 25, 9, 1, 2
2022/9/14, 1, 1, 19, 6, 7, 2
2022/9/15, 1, 1, 8, 7, 8, 2
2022/9/16, 1, , , , , 
2022/9/19, 1, 1, 9, 12, 8, 2
2022/9/20, 1, 1, 18, 14, 5, 3
2022/9/21, 1, 1, 17, 8, 5, 2
2022/9/22, 1, 1, 22, 12, 5, 3
2022/9/23, 1, , 15, 7, 4, 3
2022/9/27, 1, 1, 21, 9, 4, 3
2022/9/28, 1, , , , , 
2022/9/30, 1, 1, 6, 8, 3, 2
2022/4/1, 12, 22, 11, 13, 4, 4
2022/4/2, 12, 27, 22, 10, 3, 3
2022/4/3, 20, 50, 28, 21, 4, 4
2022/4/4, 33, 42, 28, 20, 4, 4
2022/4/5, 43, 24, 32, 18, 4, 5
2022/4/6, 44, 14, 27, 19, 4, 5
2022/4/7, 26, 1, 35, 19, 3, 5
2022/4/8, 1, 1, 26, 18, 3, 4
2022/4/9, 1, 1, 21, 14, 3, 4
2022/4/10, 1, 1, 16, 8, 3, 4
2022/4/11, 1, 1, 10, 5, 3, 4
2022/4/12, 1, 1, 3, 12, 4, 4
2022/4/13, 1, 1, 26, 5, 3, 4
2022/4/14, 1, 1, 18, 5, 4, 4
2022/4/15, 1, 1, 13, 13, 4, 4
2022/4/16, 1, 1, 6, 11, 4, 4
2022/4/17, 1, 1, 4, 13, 4, 4
2022/4/18, 1, 1, 11, 15, 6, 4
2022/4/19, 1, 1, 7, 24, 8, 4
2022/4/20, 1, 1, 20, 18, 4, 5
2022/4/21, 1, 1, 15, 5, 4, 4
2022/4/22, 1, 1, 8, 4, 4, 3
2022/4/23, 1, 1, 6, 3, 4, 3
2022/4/24, 1, 1, 6, 2, 4, 3
2022/4/25, 1, 1, 8, 2, 4, 3
2022/4/26, 1, 3, 11, 3, 3, 3
2022/4/27, 2, 1, 9, 3, 1, 3
2022/4/28, 1, 1, 10, 8, 1, 3
2022/4/29, 1, 1, 9, 5, 1, 3
2022/4/30, 1, 1, 14, 7, 1, 3
2022/5/1, 1, 1, 21, 10, 1, 3
2022/5/2, 1, 1, 30, 10, 1, 3
2022/5/3, 1, 1, 32, 16, 1, 4
2022/5/4, 1, 1, 27, 18, 1, 4
2022/5/5, 1, 1, 19, 14, 1, 4
2022/5/6, 1, 1, 11, 9, 1, 3
2022/5/7, 1, 1, 14, 4, 1, 3
2022/5/8, 1, 1, 11, 4, 1, 3
2022/5/9, 1, 1, 9, 5, 1, 3
2022/5/10, 1, 1, 11, 5, 1, 4
2022/5/11, 1, 1, 8, 6, 1, 4
2022/5/12, 1, 1, 9, 11, 1, 6
2022/5/13, 1, 1, 15, 10, 1, 5
2022/5/14, 1, 1, 9, 11, 1, 6
2022/5/15, 1, 1, 10, 12, 1, 5
2022/5/16, 1, 1, 21, 15, 2, 5
2022/5/17, 1, 1, 25, 15, 1, 4
2022/5/18, 1, 1, 17, 12, 1, 4
2022/5/19, 1, 1, 15, 8, 1, 4
2022/5/20, 1, 1, 20, 6, 1, 4
2022/5/21, 1, 1, 12, 4, 1, 4
2022/5/22, 1, 1, 8, 3, 1, 4
2022/5/23, 1, 1, 9, 3, 1, 4
2022/5/24, 1, 1, 10, 4, 1, 4
2022/5/25, 1, 1, 11, 6, 1, 4
2022/5/26, 1, 1, 8, 4, 1, 4
2022/5/27, 1, 1, 5, 2, 1, 3
2022/5/28, 1, 1, 3, 2, 1, 3
2022/5/29, 1, 1, 3, 3, 1, 3
2022/5/30, 1, 1, 3, 4, 1, 4
2022/5/31, 1, 1, 3, 4, 1, 3
2022/6/1, 1, 1, 3, 4, 1, 3
2022/6/2, 1, 1, 3, 4, 1, 3
2022/6/3, 1, 1, 3, 4, 1, 3
2022/6/4, 1, 1, 3, 4, 1, 3
2022/6/5, 1, 1, 3, 4, 1, 4
2022/6/6, 1, 1, 5, 7, 1, 8
2022/6/7, 1, 1, 8, 11, 1, 5
2022/6/8, 1, 1, 14, 7, 1, 5
2022/6/9, 1, 1, 6, 5, 1, 4
2022/6/10, 1, 1, 3, 3, 1, 4
2022/6/11, 1, 1, 3, 3, 1, 4
2022/6/12, 1, 1, 3, 4, 1, 4
2022/6/13, 1, 1, 3, 3, 1, 5
2022/6/14, 1, 1, 3, 4, 1, 4
2022/6/15, 1, 1, 9, 3, 1, 4
2022/6/16, 1, 1, 12, 5, 1, 4
2022/6/17, 1, 1, 13, 3, 1, 4
2022/6/18, 1, 1, 13, 4, 1, 4
2022/6/19, 1, 1, 13, 2, 1, 4
2022/6/20, 1, 5, 14, 2, 1, 4
2022/6/21, 3, 15, 13, 1, 2, 4
2022/6/22, 10, 13, 12, 1, 2, 4
2022/6/23, 9, 8, 9, 1, 2, 4
2022/6/24, 6, 6, 10, 1, 2, 4
2022/6/25, 4, 10, 12, 3, 3, 4
2022/6/26, 6, 10, 14, 2, 2, 4
2022/6/27, 6, 12, 17, 2, 3, 4
2022/6/28, 7, 16, 11, 9, 3, 5
2022/6/29, 8, 19, 10, 14, 3, 5
2022/6/30, 8, 18, 14, 14, 3, 6
2022/1/3, 39, 53, 17, 19, 9, 6
2022/1/4, 49, 49, 16, 11, 1, 3
2022/1/5, 52, 50, 12, 13, 2, 3
2022/1/6, 53, 43, 21, 11, 3, 3
2022/1/7, 47, 51, 18, 20, 4, 4
2022/1/8, 57, 37, 8, 16, 3, 4
2022/1/9, 41, 51, 4, 16, 4, 4
2022/1/10, 58, 27, 7, 8, 4, 3
2022/1/11, 19, 50, 5, 20, 5, 4
2022/1/12, 35, 22, 6, 10, 3, 4
2022/1/13, 22, 61, 3, 19, 4, 4
2022/1/14, 86, 72, 5, 23, 4, 5
2022/1/15, 121, 56, 11, 16, 5, 4
2022/1/16, 76, 13, 4, 9, 3, 4
2022/1/17, 10, 16, 9, 7, 3, 3
2022/1/18, 12, 31, 17, 11, 4, 3
2022/1/19, 25, 47, 9, 29, 4, 5
2022/1/20, 40, 36, 10, 31, 3, 4
2022/1/21, 40, 16, 6, 26, 2, 4
2022/1/22, 20, 32, 9, 18, 3, 3
2022/1/23, 35, 28, 7, 13, 3, 3
2022/1/24, 33, 34, 5, 20, 4, 4
2022/1/25, 39, 34, 9, 18, 3, 4
2022/1/26, 36, 31, 11, 10, 3, 3
2022/1/27, 41, 32, 14, 10, 4, 3
2022/1/28, 38, 34, 5, 12, 3, 5
2022/1/29, 49, 20, 7, 11, 3, 5
2022/1/30, 17, 9, 7, 9, 2, 4
2022/1/31, 10, 13, 5, 12, 3, 3
2022/2/1, 13, 7, 5, 6, 2, 4
2022/2/2, 8, 10, 7, 10, 3, 4
2022/2/3, 10, 11, 10, 8, 2, 3
2022/2/4, 10, 24, 12, 18, 4, 3
2022/2/5, 21, 19, 11, 12, 2, 4
2022/2/6, 25, 20, 4, 19, 2, 4
2022/2/7, 26, 11, 3, 19, 6, 4
2022/2/8, 15, 8, 3, 11, 4, 4
2022/2/9, 9, 12, 1, 15, 6, 4
2022/2/10, 17, 17, 6, 22, 4, 4
2022/2/11, 24, 26, 5, 28, 5, 4
2022/2/12, 35, 16, 4, 24, 3, 4
2022/2/13, 19, 19, 4, 27, 4, 3
2022/2/14, 15, 17, 8, 22, 2, 4
2022/2/15, 13, 3, 6, 27, 2, 5
2022/2/16, 2, , 9, 24, 3, 5
2022/2/17, 1, 10, 6, 22, 2, 3
2022/2/18, 8, 3, 7, 9, 2, 4
2022/2/19, 4, 1, 10, 5, 1, 3
2022/2/20, 3, 5, 8, 14, 1, 3
2022/2/21, 5, 8, 9, 12, 1, 3
2022/2/22, 7, 10, 11, 13, 3, 2
2022/2/23, 9, 15, 16, 15, 2, 3
2022/2/24, 12, 22, 21, 19, , 3
2022/2/25, 19, 36, 20, 26, , 5
2022/2/26, 30, 37, 26, 18, , 5
2022/2/27, 37, 29, 23, 17, 4, 4
2022/2/28, 32, 30, 16, 14, 2, 4
2022/3/1, 29, 74, 21, 12, 2, 4
2022/3/2, 39, 30, 20, 12, 2, 4
2022/3/3, 38, 42, 8, 14, 2, 3
2022/3/4, 62, 31, 5, 15, 2, 3
2022/3/5, 36, 21, 5, 11, 3, 4
2022/3/6, 25, 19, 8, 15, 3, 4
2022/3/7, 20, 29, 23, 13, 3, 4
2022/3/8, 23, , 19, 18, 2, 3
2022/3/9, 1, 27, 18, 11, 3, 3
2022/3/10, 22, 33, 14, 15, 2, 3
2022/3/11, 34, 38, 11, 12, 2, 3
2022/3/12, 44, 36, 11, 10, 3, 3
2022/3/13, 40, 30, 11, 11, 3, 3
2022/3/14, 34, 34, 12, 14, 3, 4
2022/3/15, 41, 21, 9, 8, 3, 4
2022/3/16, 27, 18, 9, 7, 2, 3
2022/3/17, 22, 24, 9, 8, 3, 3
2022/3/18, 25, 21, 10, 9, 3, 3
2022/3/19, 22, 13, 9, 3, 3, 3
2022/3/20, 16, 8, 4, 2, 3, 3
2022/3/21, 13, 11, 6, 2, 2, 3
2022/3/22, 16, 9, 3, 10, 3, 4
2022/3/23, 11, 17, 5, 15, 4, 4
2022/3/24, 19, 17, 8, 13, 4, 5
2022/3/25, 24, 28, 14, 10, 4, 4
2022/3/26, 31, 32, 10, 15, 4, 4
2022/3/27, 30, 21, 9, 15, 4, 4
2022/3/28, 19, 25, 5, 20, 4, 5
2022/3/29, 22, 13, 8, 16, 4, 4
2022/3/30, 18, 31, 11, 19, 4, 4
2022/3/31, 39, 18, 10, 10, 4, 4
2021/11/3, 34, 38, , 4, 13, 4
2021/11/4, 37, 20, 2, 4, 14, 4
2021/11/5, 21, 24, 2, 3, 14, 4
2021/11/6, 21, 28, 2, 2, 14, 4
2021/11/7, 24, 34, 2, 3, 14, 4
2021/11/8, 21, 49, 2, 4, 13, 4
2021/11/9, 31, 45, 43, 8, 11, 3
2021/11/10, 28, 63, 1, 9, 11, 3
2021/11/11, 39, 61, 10, 10, 11, 3
2021/11/12, 40, 44, 2, 12, 12, 4
2021/11/13, 30, 54, 2, 11, 13, 3
2021/11/14, 37, 66, 2, 12, 13, 3
2021/11/15, 49, 61, 2, 17, 13, 4
2021/11/16, 54, 52, 1, 20, 13, 4
2021/11/17, 46, 34, 1, 15, 14, 4
2021/11/18, 25, 42, 1, 12, 14, 5
2021/11/19, 37, 39, 1, 10, 14, 5
2021/11/20, 42, 26, 1, 11, 14, 5
2021/11/21, 26, 28, 1, 7, 14, 4
2021/11/22, 17, 39, 1, 6, 14, 5
2021/11/23, 26, 51, 1, 8, 13, 4
2021/11/24, 34, 50, 1, 8, 13, 3
2021/11/25, 36, 54, 1, 10, 13, 4
2021/11/26, 39, 64, 1, 11, 13, 4
2021/11/27, 45, 69, 2, 12, 14, 5
2021/11/28, 54, 65, 2, 13, 13, 5
2021/11/29, 50, 47, 2, 13, 14, 5
2021/11/30, 35, 52, 2, 12, 13, 5
2021/12/1, 32, 60, 14, 14, 13, 4
2021/12/2, 40, 62, 22, 19, 15, 4
2021/12/3, 45, 63, 24, 20, 14, 4
2021/12/4, 47, 59, 27, 21, 14, 5
2021/12/5, 42, 58, 31, 16, 14, 4
2021/12/6, 42, 54, 32, 18, 14, 5
2021/12/7, 37, 70, 29, 17, 14, 5
2021/12/8, 63, 58, 21, 24, 15, 6
2021/12/9, 46, 57, 35, 17, 16, 5
2021/12/10, 53, 48, 36, 18, 13, 6
2021/12/11, 45, 49, 29, 19, 13, 5
2021/12/12, 41, 36, 33, 16, 14, 5
2021/12/13, 30, 53, 19, 14, 14, 6
2021/12/14, 46, 56, 34, 20, 14, 7
2021/12/15, 55, 46, 29, 19, 13, 7
2021/12/16, 51, 55, 22, 17, 13, 6
2021/12/17, 48, 46, 21, 13, 13, 7
2021/12/18, 29, 56, 24, 11, 13, 6
2021/12/19, 40, 37, 21, 17, 15, 5
2021/12/20, 28, 20, 14, 18, 13, 5
2021/12/21, 18, 47, 12, 17, 14, 5
2021/12/22, 41, 46, 16, 18, 14, 6
2021/12/23, 46, 44, 23, 17, 14, 7
2021/12/24, 43, 51, 20, 18, 13, 6
2021/12/25, 104, 38, 26, 15, 13, 55
2021/12/26, 42, 15, 11, 16, 13, 6
2021/12/27, 12, 19, 5, 9, 13, 6
2021/12/28, 15, 30, 5, 12, 13, 5
2021/12/29, 22, 19, 6, 14, 14, 6
2021/12/30, 14, 34, 9, 9, 11, 5
2021/12/31, 26, 40, 11, 14, 12, 6
2022/1/1, 37, 31, 22, 15, 13, 6
2022/1/2, 26, 48, 17, 12, 12, 6
2021/7/1, 11, 9, 11, 2, 1, 1
2021/7/2, 9, 8, 13, 3, 1, 
2021/7/3, 7, 10, 10, 2, 1, 
2021/7/4, 11, 13, 11, 2, 1, 1
2021/7/5, 10, 21, 9, 5, 1, 1
2021/7/6, 15, 20, 11, 7, 1, 1
2021/7/7, 15, 8, 10, 3, 1, 1
2021/7/8, 8, 7, 11, 2, 1, 1
2021/7/9, 7, 11, 11, 1, 1, 1
2021/7/10, 8, 9, 11, , 1, 1
2021/7/11, 7, 3, 10, , 1, 1
2021/7/12, 3, 4, 10, , 1, 
2021/7/13, 5, 5, 10, , 1, 
2021/7/14, 5, 6, 10, 2, 1, 1
2021/7/15, 5, 7, 10, , 1, 18
2021/7/16, 5, 6, 10, 2, 1, 33
2021/7/17, 5, 12, 11, 5, 1, 71
2021/7/18, 9, 19, 13, 4, 1, 46
2021/7/19, 10, 17, 13, 6, 1, 2
2021/7/20, 13, 16, 11, 8, 1, 2
2021/7/21, 14, 16, 11, 7, 1, 5
2021/7/22, 22, 9, 12, 2, 1, 6
2021/7/23, 11, 7, 13, 1, 1, 4
2021/7/24, 5, 17, 14, 3, 1, 4
2021/7/25, 13, 19, 19, 3, 1, 5
2021/7/26, 17, 13, 16, 2, 1, 4
2021/7/27, 12, 26, 11, 5, 1, 5
2021/7/28, 21, 21, 12, 4, 1, 5
2021/7/29, 17, 12, 9, 2, 1, 5
2021/7/30, 10, 13, 5, 2, 1, 4
2021/7/31, 11, 6, 3, 2, 1, 5
2021/8/1, 6, 18, 5, 4, 1, 5
2021/8/2, 20, 23, 4, 6, 1, 5
2021/8/3, 23, 20, 7, 4, 2, 5
2021/8/4, 21, 26, 5, 4, 2, 5
2021/8/5, 25, 27, 3, 4, 2, 5
2021/8/6, 25, 25, 6, 4, 2, 5
2021/8/7, 23, 19, 2, 2, 2, 3
2021/8/8, 17, 13, 1, 2, 2, 5
2021/8/9, 11, 9, 1, 2, 2, 4
2021/8/10, 9, 9, 1, 1, 2, 4
2021/8/11, 8, 10, , 1, 2, 4
2021/8/12, 10, 11, , 1, 2, 5
2021/8/13, 10, 6, , 1, 2, 3
2021/8/14, 6, 8, , 1, 2, 3
2021/8/15, 8, 9, 1, 1, 3, 4
2021/8/16, 9, 10, 1, 1, 9, 4
2021/8/17, 9, 11, 1, 1, 12, 3
2021/8/18, 9, 8, 1, 1, 13, 3
2021/8/19, 7, 11, 1, 1, 14, 3
2021/8/20, 9, 9, 1, 1, 15, 3
2021/8/21, 8, 7, 1, 1, 16, 3
2021/8/22, 8, 9, 1, 1, 16, 3
2021/8/23, 9, 8, 2, 1, 17, 3
2021/8/24, 8, 7, 1, 1, 17, 3
2021/8/25, 8, 9, 1, 1, 17, 4
2021/8/26, 8, 12, 1, 2, 17, 4
2021/8/27, 9, 11, 1, 4, 18, 8
2021/8/28, 9, 15, 2, 4, 18, 6
2021/8/29, 11, 12, 1, 3, 19, 6
2021/8/30, 9, 19, 1, 3, 19, 5
2021/8/31, 15, 12, 2, 3, 20, 5
2021/9/1, 10, 13, 1, 3, 19, 2
2021/9/2, 10, 4, 2, 2, 19, 1
2021/9/3, 4, 3, 2, 2, 19, 1
2021/9/4, 3, 4, 1, 3, 19, 2
2021/9/5, 4, 8, 2, 4, 19, 2
2021/9/6, 8, 6, 1, 5, 20, 2
2021/9/7, 6, 5, 1, 3, 20, 2
2021/9/8, 5, 8, 1, 3, 17, 2
2021/9/9, 8, 9, 1, 3, 3, 2
2021/9/10, 9, 11, 1, 4, 4, 2
2021/9/11, 11, 12, 1, 5, 4, 2
2021/9/12, 12, 16, 1, 5, 4, 3
2021/9/13, 16, 6, 1, 2, 4, 2
2021/9/14, 6, 5, 2, 2, 5, 3
2021/9/15, 5, 6, 1, 2, 5, 2
2021/9/16, 6, 6, 2, 1, 7, 2
2021/9/17, 6, 6, 2, 1, 5, 2
2021/9/18, 6, 8, 2, 2, 5, 2
2021/9/19, 8, 12, 2, 4, 5, 2
2021/9/20, 12, 10, 3, 3, 5, 2
2021/9/21, 8, 13, 2, 3, 5, 3
2021/9/22, 13, 10, 2, 2, 6, 3
2021/9/23, 10, 4, 2, 1, 6, 3
2021/9/24, 5, 1, 2, 2, 6, 2
2021/9/25, 1, 1, 2, 3, 6, 2
2021/9/26, 1, 1, 2, 3, 6, 2
2021/9/27, 1, 24, 1, 5, 6, 1
2021/9/28, 18, 37, 1, 2, 4, 2
2021/9/29, 27, , 1, 1, 2, 
2021/5/17, 4, 3, 8, 3, 8, 1
2021/5/18, 4, 4, 12, 3, 2, 1
2021/5/19, 5, 4, 11, 3, 3, 1
2021/5/20, 5, , 9, 3, 1, 1
2021/5/22, 6, 5, 10, 3, 1, 1
2021/5/23, 5, 11, 15, 3, 1, 2
2021/5/24, 6, 7, 20, 3, 1, 2
2021/5/25, 5, 3, 13, 3, 1, 2
2021/5/26, 3, 4, 15, 3, 1, 1
2021/5/27, 3, 5, 15, 3, 1, 1
2021/5/28, 4, 4, 16, 3, 1, 1
2021/5/29, 4, 5, 22, 3, 1, 1
2021/5/30, 4, 5, 14, 3, 1, 1
2021/5/31, 4, 5, 13, 3, 1, 1
2021/6/1, 5, 6, 16, 3, 1, 2
2021/6/2, 6, 7, 15, 2, 1, 2
2021/6/3, 7, 9, 12, 12, 1, 2
2021/6/4, 5, 11, 16, 8, 1, 2
2021/6/5, 8, 11, 11, 6, 1, 2
2021/6/6, 13, 13, 10, 7, 1, 2
2021/6/7, 13, 6, 11, 6, 2, 1
2021/6/8, 7, 3, 9, 3, 1, 1
2021/6/9, 3, 6, 11, 5, 12, 1
2021/6/10, 5, 8, 10, 9, 1, 2
2021/6/11, 8, 7, 10, 7, 1, 1
2021/6/12, 7, 3, 10, 2, 1, 1
2021/6/13, 4, 5, 9, 2, 8, 1
2021/6/14, 6, 7, 9, 3, 1, 1
2021/6/15, 9, 5, 10, 3, 1, 2
2021/6/16, 6, 5, 10, 3, 1, 2
2021/6/17, 6, 5, 10, 3, 1, 1
2021/6/18, 6, 7, 10, 4, 1, 1
2021/6/19, 8, 10, 11, 4, 1, 1
2021/6/20, 11, 10, 12, 4, 1, 1
2021/6/21, 13, 15, 12, 7, 5, 2
2021/6/22, 17, 14, 15, 10, 4, 2
2021/6/23, 15, 26, 8, 13, 1, 1
2021/6/24, 22, 14, 5, 11, 1, 1
2021/6/25, 14, 14, 7, 7, 1, 1
2021/6/26, 15, 13, 11, 3, 1, 1
2021/6/27, 13, 10, 10, 3, 1, 1
2021/6/28, 10, 10, 10, 2, 1, 
2021/6/29, 10, 10, 9, 2, 1, 
2021/6/30, 10, 10, 11, 2, 1, 
2021/1/4, 1, , 34, 13, 6, 4
2021/1/5, 1, , 29, 11, 8, 5
2021/1/6, 1, , 29, 8, 2, 5
2021/1/7, 1, , 11, 6, 1, 5
2021/1/8, 1, , 18, 7, 4, 3
2021/1/9, 1, , 19, 6, 4, 3
2021/1/10, 1, , 21, 4, 3, 3
2021/1/11, 1, , 31, 7, 4, 3
2021/1/12, 1, 25, 45, 12, 5, 4
2021/1/13, 4, 46, 52, 17, 7, 5
2021/1/14, 20, 41, 35, 14, 2, 5
2021/1/15, 19, 56, 23, 21, 8, 6
2021/1/16, 22, 42, 25, 14, 8, 5
2021/1/17, 20, 14, 36, 6, 3, 4
2021/1/18, 11, 23, 61, 11, 4, 5
2021/1/19, 18, 23, 44, 14, 5, 5
2021/1/20, 22, 9, 33, 9, 5, 4
2021/1/21, 12, 17, 26, 11, 6, 5
2021/1/22, 18, 20, 38, 7, 3, 6
2021/1/23, 24, 17, 45, 7, 2, 6
2021/1/24, 18, 13, 24, 8, 4, 4
2021/1/25, 15, 14, 32, 4, 3, 5
2021/1/26, 18, 17, 25, 8, 3, 6
2021/1/27, 20, 14, 24, 9, 5, 6
2021/1/28, 14, 16, 27, 11, 7, 6
2021/1/29, 13, 16, 33, 12, 4, 6
2021/1/30, 17, 14, 29, 6, 3, 4
2021/1/31, 16, 11, 26, 7, 4, 4
2021/2/1, 12, 4, 31, 5, 3, 4
2021/2/2, 9, 1, 27, 8, 3, 5
2021/2/3, 1, 1, 34, 5, 3, 5
2021/2/4, 1, 5, 32, 6, 3, 5
2021/2/5, 9, 9, 33, 8, 2, 4
2021/2/6, 11, 9, 32, 7, 2, 5
2021/2/7, 10, 9, 30, 8, 4, 5
2021/2/8, 12, 1, 25, 4, 2, 5
2021/2/9, 3, 2, 34, 2, 3, 5
2021/2/10, 2, 2, 41, 1, 2, 5
2021/2/11, 3, 3, 35, 3, 4, 5
2021/2/12, 4, 3, 44, 3, 3, 5
2021/2/13, 5, 3, 40, 2, 3, 5
2021/2/14, 6, 2, 34, 1, 2, 5
2021/2/15, 4, 3, 32, 8, 3, 5
2021/2/16, 4, 1, 34, 2, 3, 5
2021/2/17, 1, 1, 36, 7, 6, 5
2021/2/18, 1, 9, 45, 5, 4, 5
2021/2/19, 8, 9, 45, 6, 4, 5
2021/2/20, 12, 7, 39, 11, 3, 5
2021/2/21, 10, 5, 33, 5, 2, 4
2021/2/22, 7, 4, 33, 4, 2, 4
2021/2/23, 6, 3, 31, 5, 2, 4
2021/2/24, 5, 3, 23, 4, 3, 4
2021/2/25, 5, 6, 12, 10, 4, 4
2021/2/26, 8, 4, 9, 11, 6, 5
2021/2/27, 8, 6, 8, 11, 6, 6
2021/2/28, 11, 5, 14, 7, 3, 5
2021/3/1, 8, 3, 9, 10, 5, 6
2021/3/2, 4, 2, 18, 11, 3, 6
2021/3/3, 4, 2, 9, 11, 4, 7
2021/3/4, 4, 1, 12, 13, 4, 7
2021/3/5, 3, 4, 16, 7, 3, 6
2021/3/6, 5, 9, 25, 11, 4, 6
2021/3/7, 9, 9, 19, 9, 3, 6
2021/3/8, 12, 9, 23, 5, 3, 5
2021/3/9, 12, 8, 22, 3, 2, 4
2021/3/10, 11, 11, 18, 6, 3, 5
2021/3/11, 14, 13, 20, 8, 4, 5
2021/3/12, 17, 12, 30, 8, 6, 5
2021/3/13, 14, 10, 27, 6, 4, 5
2021/3/14, 11, 6, 26, 3, 3, 5
2021/3/15, 9, 8, 20, 5, 4, 5
2021/3/16, 10, 8, 17, 4, 3, 4
2021/3/17, 9, 7, 12, 3, 2, 4
2021/3/18, 8, 6, 7, 4, 2, 4
2021/3/19, 8, 7, 2, 5, 3, 5
2021/3/20, 8, 7, 9, 8, 3, 5
2021/3/21, 7, 22, 14, 9, 3, 5
2021/3/22, 18, 43, 24, 10, 5, 5
2021/3/23, 35, 35, 26, 16, 13, 6
2021/3/24, 34, 20, 28, 12, 6, 7
2021/3/25, 27, 7, 18, 5, 5, 5
2021/3/26, 9, 10, 8, 6, 5, 5
2021/3/27, 12, 10, 3, 10, 6, 6
2021/3/28, 12, 3, 3, 3, 3, 5
2021/3/29, 6, 9, 10, 5, 14, 5
2021/3/30, 12, 9, 9, 5, 30, 5
2021/3/31, 12, , , , , 
2020/10/1, 7, 20, 24, 7, 20, 8
2020/10/2, 5, 17, 16, 8, 20, 8
2020/10/3, 5, 33, 16, 7, 20, 8
2020/10/4, 6, 42, 30, 7, 20, 9
2020/10/5, 8, 44, 29, 5, 20, 9
2020/10/6, 9, 41, 29, 4, 20, 8
2020/10/7, 7, 27, 24, 5, 20, 8
2020/10/8, 5, 24, 30, 4, 20, 7
2020/10/9, 5, 21, 31, 4, 20, 8
2020/10/10, 6, 25, 27, 6, 20, 8
2020/10/11, 7, 35, 39, 6, 20, 9
2020/10/12, 10, 43, 31, 7, 20, 8
2020/10/13, 9, 5, 25, 3, 20, 8
2020/10/14, 2, 6, 27, 5, 20, 9
2020/10/15, 5, 20, 32, 3, 20, 9
2020/10/16, 7, 24, 13, 4, 20, 9
2020/10/17, 5, 31, 13, 6, 20, 9
2020/10/18, 6, 23, 13, 5, 20, 8
2020/10/19, 5, 30, 15, 6, 20, 8
2020/10/20, 7, 25, 12, 6, 20, 8
2020/10/21, 6, 32, 13, 6, 20, 7
2020/10/22, 8, 45, 30, 6, 18, 8
2020/10/23, 13, 61, 37, 7, 20, 8
2020/10/24, 19, 50, 34, 8, 20, 9
2020/10/25, 14, 28, 32, 6, 20, 9
2020/10/26, 9, 34, 28, 6, 20, 9
2020/10/27, 11, 37, 33, 7, 20, 10
2020/10/28, 11, 18, 34, 5, 20, 9
2020/10/29, 6, 29, 27, 3, 20, 9
2020/10/30, 5, 31, 36, 5, 20, 10
2020/10/31, 10, 35, 39, 5, 20, 9
2020/11/1, 15, 32, 18, 3, 20, 10
2020/11/2, 12, 23, 21, 3, 20, 9
2020/11/3, 5, 41, 34, 4, 20, 10
2020/11/4, 13, 47, 81, 6, 20, 10
2020/11/5, 17, 47, 66, 7, 20, 11
2020/11/6, 19, 38, 32, 4, 20, 10
2020/11/7, 12, 39, 43, 5, 20, 10
2020/11/8, 12, 55, 57, 8, 21, 10
2020/11/9, 17, 42, 67, 5, 21, 9
2020/11/10, 19, 48, 50, 7, 20, 9
2020/11/11, 20, 43, 84, 6, 21, 9
2020/11/12, 22, 41, 71, 8, 21, 10
2020/11/13, 21, 29, 39, 7, 21, 9
2020/11/14, 15, 9, 30, 3, 20, 8
2020/11/15, 8, 17, 39, 6, 20, 9
2020/11/16, 13, 18, 33, 5, 20, 8
2020/11/17, 14, 15, 31, 3, 20, 8
2020/11/18, 12, 15, 28, 12, 20, 13
2020/11/19, 11, 15, 27, 3, 20, 10
2020/11/20, 10, 13, 30, 5, 21, 9
2020/11/21, 8, 19, 28, 3, 21, 9
2020/11/22, 11, 19, 21, 4, 20, 9
2020/11/23, 13, 25, 20, 6, 22, 9
2020/11/24, 19, 26, 325, 5, 22, 9
2020/11/25, 19, 24, 35, 6, 23, 9
2020/11/26, 17, 27, 24, 6, 24, 10
2020/11/27, 18, 22, 18, 4, 23, 9
2020/11/28, 11, 15, 16, 3, 23, 9
2020/11/29, 6, 24, 17, 5, 23, 9
2020/11/30, 11, 27, 37, 7, 23, 10
2020/12/1, 13, 26, 42, 4, 21, 10
2020/12/2, 12, 24, 36, 3, 20, 9
2020/12/3, 13, 18, 31, 3, 20, 9
2020/12/4, 7, 20, 33, 5, 20, 9
2020/12/5, 8, 22, 37, 9, 21, 10
2020/12/6, 11, 26, 38, 7, 20, 11
2020/12/7, 15, 22, 35, 6, 20, 9
2020/12/8, 15, 31, 40, 8, 21, 11
2020/12/9, 18, 32, 63, 7, 21, 11
2020/12/10, 20, 27, 79, 7, 23, 11
2020/12/11, 12, 21, 64, 4, 22, 10
2020/12/12, 8, 21, 44, 3, 20, 11
2020/12/13, 8, 15, 25, 4, 20, 11
2020/12/14, 16, 10, 23, 4, 11, 11
2020/12/15, 27, 10, 6, 5, 2, 3
2020/12/16, 26, 10, 6, 5, 1, 3
2020/12/17, 27, 10, 10, 5, 1, 2
2020/12/18, 27, 11, 17, 7, 1, 2
2020/12/19, 27, 11, 17, 7, 2, 3
2020/12/20, 27, 11, 22, 8, 2, 4
2020/12/21, 27, 11, 28, 12, 6, 3
2020/12/22, 27, 11, 27, 10, 4, 3
2020/12/23, 27, 11, 17, 8, 5, 3
2020/12/24, 27, 11, 25, 9, 7, 4
2020/12/25, 27, 11, 8, 14, 5, 5
2020/12/26, 27, 11, 7, 10, 5, 4
2020/12/27, 27, 11, 25, 5, 3, 4
2020/12/28, 27, 11, 21, 10, 2, 4
2020/12/29, 27, , 23, 6, 3, 6
2020/12/30, 4, , 33, 4, 3, 3
2020/12/31, 1, , 34, 4, 4, 3
2021/1/1, 1, , 43, 7, 4, 3
2021/1/2, 1, , 30, 10, 4, 4
2021/1/3, 1, , 42, 7, 4, 4
2020/7/1, 7, 6, 16, 1, 20, 7
2020/7/2, 7, 5, 12, 1, 20, 7
2020/7/3, 6, 5, 16, 3, 20, 7
2020/7/4, 6, 5, 16, 2, 20, 7
2020/7/5, 6, 10, 16, 1, 20, 7
2020/7/6, 12, 13, 15, 1, 17, 6
2020/7/7, 15, 9, , 1, 19, 6
2020/7/8, 10, 10, , 1, 20, 7
2020/7/9, 10, 11, 21, 2, 20, 7
2020/7/10, 12, 13, 24, 3, 20, 7
2020/7/11, 11, 10, 23, 1, 20, 7
2020/7/12, 12, 9, 20, 1, 19, 7
2020/7/13, 12, 8, 17, 1, 20, 7
2020/7/14, 10, 8, 19, 1, 19, 7
2020/7/15, 10, 8, 21, 1, 20, 6
2020/7/16, 10, 8, 20, , 19, 6
2020/7/17, 10, 10, 19, , 20, 7
2020/7/18, 13, 10, 22, 1, 20, 7
2020/7/19, 13, 9, 14, , 19, 6
2020/7/20, 12, 5, 14, , 20, 6
2020/7/21, 8, 4, 16, 1, 19, 6
2020/7/22, 6, 5, 15, 2, 19, 6
2020/7/23, 6, 4, 16, 1, 20, 6
2020/7/24, 5, 3, 15, 1, 20, 6
2020/7/25, 5, 5, 16, 1, 20, 6
2020/7/26, 7, 13, 16, 5, 20, 7
2020/7/27, 10, 12, 20, 7, 20, 7
2020/7/28, 9, 7, 21, 4, 20, 7
2020/7/29, 6, 12, 17, 4, 20, 7
2020/7/30, 8, 13, 25, 13, 20, 7
2020/7/31, 10, 13, 21, 7, 20, 8
2020/8/1, 7, 3, 18, 8, 20, 8
2020/8/2, 5, 5, 15, 8, 20, 9
2020/8/3, 7, 4, 11, 9, 20, 9
2020/8/4, 5, 4, 12, 5, 20, 8
2020/8/5, 4, 7, 12, 5, 20, 8
2020/8/6, 8, 7, 14, 3, 19, 8
2020/8/7, 8, 12, 15, 2, 20, 7
2020/8/8, 8, 11, 18, 2, 20, 7
2020/8/9, 7, 9, 22, 2, 20, 7
2020/8/10, 8, 7, 20, 2, 20, 6
2020/8/11, 6, 7, 18, 1, 19, 6
2020/8/12, 7, 6, 15, 5, 20, 7
2020/8/13, 6, 6, 13, 6, 20, 7
2020/8/14, 5, 9, 11, 5, 20, 8
2020/8/15, 8, 10, 18, 2, 20, 7
2020/8/16, 9, 3, 16, 5, 20, 7
2020/8/17, 5, 2, 13, 6, 20, 8
2020/8/18, 3, 9, 13, 5, 20, 8
2020/8/19, 7, 11, 13, 5, 20, 8
2020/8/20, 8, 6, 19, 5, 20, 8
2020/8/21, 5, 9, 17, 6, 20, 8
2020/8/22, 7, 5, 17, 3, 20, 7
2020/8/23, 4, 5, 16, 2, 20, 7
2020/8/24, 5, 7, 24, 4, 20, 8
2020/8/25, 5, 12, 20, 6, 20, 9
2020/8/26, 10, 11, 37, 6, 20, 9
2020/8/27, 10, 9, 21, 3, 20, 7
2020/8/28, 6, 7, 20, 2, 20, 7
2020/8/29, 5, 12, 23, 4, 20, 6
2020/8/30, 8, 15, 36, 6, 20, 6
2020/8/31, 9, 20, 54, 9, 20, 8
2020/9/1, 13, 20, 69, 9, 20, 8
2020/9/2, 12, 14, 29, 4, 20, 8
2020/9/3, 5, 14, 26, 2, 20, 6
2020/9/4, 6, 14, 14, 4, 20, 6
2020/9/5, 4, 8, 25, 2, 20, 6
2020/9/6, 4, 20, 17, 7, 20, 7
2020/9/7, 5, 17, 16, 8, 20, 9
2020/9/8, 6, 20, 16, 10, 20, 7
2020/9/9, 6, 13, 17, 6, 20, 6
2020/9/10, 5, 16, 14, 6, 20, 7
2020/9/11, 5, 26, 8, 4, 20, 8
2020/9/12, 6, 17, 11, 4, 20, 6
2020/9/13, 4, 29, 14, 3, 20, 6
2020/9/14, 5, 25, 16, 4, 20, 7
2020/9/15, 5, 20, 16, 4, 20, 6
2020/9/16, 4, 40, 21, 5, 20, 7
2020/9/17, 7, 12, 25, 4, 20, 7
2020/9/18, 3, 7, 20, 4, 20, 7
2020/9/19, 3, 9, 14, 8, 20, 8
2020/9/20, 3, 14, 17, 5, 20, 7
2020/9/21, 3, 8, 16, 4, 20, 7
2020/9/22, 3, 10, 15, 5, 20, 8
2020/9/23, 3, 20, 23, 5, 20, 8
2020/9/24, 4, 21, 32, 7, 20, 8
2020/9/25, 6, 16, 20, 4, 20, 7
2020/9/26, 5, 17, 27, 4, 20, 7
2020/9/27, 5, 24, 28, 3, 20, 8
2020/9/28, 6, 19, 30, 7, 20, 8
2020/9/29, 6, 19, 18, 4, 20, 7
2020/9/30, 5, 19, 24, 3, 20, 9
2020/6/21, 16, 15, 25, 1, 19, 7
2020/6/22, 15, 16, 25, 2, 19, 7
2020/6/23, 15, 14, 26, 1, 19, 7
2020/6/24, 12, 13, 16, 2, 20, 7
2020/6/25, 12, 10, 25, 2, 20, 7
2020/6/26, 11, 11, 22, 1, 20, 7
2020/6/27, 14, 10, 18, 1, 19, 7
2020/6/28, 12, 8, 19, 1, 20, 7
2020/6/29, 10, 7, 21, 1, 20, 7
2020/6/30, 8, 8, 20, 1, 20, 7
2024/10/21, , 5, 3, 4, 6, 3
2024/8/16, , 1, 2, 1, 9, 4
2024/8/17, , 1, 2, , 9, 3
2024/8/19, , 1, 2, 1, 9, 3
2024/8/20, , 1, 2, 1, 9, 3
2024/8/21, , 1, 2, 1, 9, 3
2024/8/22, , 1, 2, 2, 9, 3
2024/8/23, , 1, 2, 1, 8, 3
2024/8/24, , 1, 2, 2, 8, 3
2024/8/25, , 1, 2, 2, 8, 3
2024/8/26, , 1, 2, 1, 8, 3
2024/8/27, , 1, 3, 1, 8, 3
2024/8/31, , 1, 2, 1, 9, 4
2024/9/1, , 1, 2, 1, 8, 3
2024/1/1, , 5, 13, 4, 5, 6
2024/1/7, , 6, 14, 2, 6, 6
2024/1/12, , 11, 10, 10, 7, 8
2024/1/24, , 22, 7, 9, 4, 8
2024/2/9, , 10, 7, 4, 11, 4
2023/10/9, , 24, 4, 6, , 5
2023/10/17, , 26, 7, 7, , 5
2023/11/11, , 13, 7, 10, 2, 1
2023/11/17, , 22, 12, 11, 54, 7
2023/11/22, , 1, 13, 7, 24, 6
2023/11/23, , 1, 17, 11, 24, 7
2023/11/24, , 1, 18, 11, 24, 6
2023/11/25, , 1, 16, 6, 24, 6
2023/11/26, , 1, 18, 10, 52, 7
2023/11/27, , 1, 19, 11, 55, 8
2023/11/28, , 1, 18, 11, 57, 7
2023/11/29, , 1, 10, 6, 62, 6
2023/11/30, , 1, 9, 2, 39, 6
2023/12/1, , 1, 8, 9, 13, 7
2023/12/2, , 1, 7, 10, 16, 7
2023/12/3, , 1, 6, 5, 18, 7
2023/12/4, , 13, 5, 6, 17, 7
2023/12/7, , 1, 17, 9, 13, 7
2023/12/8, , 1, 13, 7, 11, 6
2023/12/10, , 1, 8, 2, 11, 6
2023/12/11, , 1, 10, 4, 11, 5
2023/12/12, , 3, 17, 7, 11, 6
2023/12/22, , 5, 11, 13, 7, 8
2023/12/23, , 5, 14, 10, 7, 7
2023/12/24, , 5, 14, 10, 6, 8
2023/12/25, , 6, 5, 16, 6, 9
2023/7/31, , 1, 4, 10, 11, 8
2023/8/1, , 1, 7, 7, 11, 7
2023/8/2, , 1, 6, 5, 11, 7
2023/8/3, , 1, 6, 5, 11, 7
2023/8/4, , 1, 6, 4, 11, 7
2023/8/5, , 1, 7, 5, 11, 7
2023/8/6, , 1, 6, 4, 11, 7
2023/8/7, , 5, 8, 5, 11, 7
2023/8/13, , 1, 8, 5, 10, 5
2023/8/15, , 1, 8, 6, 10, 3
2023/8/16, , 1, 10, 6, 10, 3
2023/8/21, , 1, 8, 6, 10, 3
2023/8/22, , 6, 10, 8, 11, 1
2023/9/17, , 4, 7, , , 3
2023/4/26, , 28, 17, 4, 2, 4
2023/5/20, , 35, 11, 4, , 1
2023/6/5, , 27, 6, 9, 12, 3
2023/6/10, , 22, 10, 7, 11, 5
2023/6/22, , 28, 4, 10, 11, 4
2023/2/9, , 1, 5, 10, , 3
2022/10/6, , 1, 12, 10, 2, 3
2022/10/20, , 1, 22, 12, , 4
2022/10/25, , 1, 17, 8, 1, 2
2022/8/1, , 8, 13, 2, 1, 5
2022/8/30, , 1, 12, 10, , 1
2022/9/4, , 1, 22, 10, 3, 2
2022/9/10, , 1, 16, 6, , 1
2022/9/13, , 1, 24, 6, 4, 2
2022/9/18, , 1, 18, 5, 7, 1
2022/9/26, , 1, 18, 18, 4, 5
2022/9/29, , 1, 8, 5, 2, 3
2021/11/2, , 38, 5, 6, 13, 4
2021/5/16, , 3, 9, 2, 9, 2
2021/5/21, , 6, 10, 3, 1, 1
2020/6/20, , 14, 23, 1, 20, 7
2025/8/20, , , 1, 1, , 
2025/8/21, , , 1, , , 
2025/4/8, , , 4, 2, , 
2025/4/9, , , 6, , , 
2025/6/19, , , 3, 4, 7, 
2025/6/20, , , 14, 1, , 
2025/6/21, , , 10, 1, , 
2025/6/22, , , 10, 1, 4, 
2025/6/23, , , 8, 1, 5, 
2025/6/24, , , 3, 1, , 
2025/6/25, , , 2, 1, , 
2025/6/26, , , 1, , , 
2024/11/16, , , 3, 4, 7, 7
2024/11/17, , , 4, 7, 7, 8
2024/11/20, , , 4, 19, 7, 8
2024/11/21, , , 9, 8, 7, 8
2024/11/22, , , 11, 9, 7, 8
2024/11/23, , , 8, 11, 7, 9
2024/11/24, , , 6, 10, 7, 9
2024/11/25, , , 7, 8, 7, 9
2024/11/26, , , 9, 8, 7, 9
2024/11/27, , , 8, 8, 7, 9
2024/11/28, , , 11, 10, 7, 10
2024/11/29, , , 18, 14, 7, 10
2024/11/30, , , 19, 15, 7, 9
2024/12/1, , , 12, 12, 7, 9
2024/12/2, , , 11, 11, 7, 9
2024/12/3, , , 17, 9, 7, 9
2024/12/4, , , 11, 9, 7, 8
2024/12/5, , , 14, 10, 7, 9
2024/12/6, , , 10, 10, 7, 10
2024/12/7, , , 7, 7, 7, 11
2024/12/8, , , 8, 13, 7, 11
2024/12/9, , , 8, 12, 7, 11
2024/12/10, , , 5, 12, 7, 11
2024/12/11, , , 4, , 6, 7
2024/12/12, , , 5, 9, 7, 7
2024/12/13, , , 5, 8, , 7
2024/12/14, , , 6, 12, , 8
2024/12/15, , , 6, 14, , 8
2024/12/16, , , 3, 19, , 9
2024/8/18, , , 3, 1, 9, 3
2024/9/2, , , 2, 2, 8, 4
2024/9/3, , , 4, 1, 8, 4
2024/9/4, , , 3, 1, 8, 4
2024/9/5, , , 2, 1, 9, 4
2024/1/6, , , 15, 6, 6, 7
2023/12/9, , , 11, 2, 11, 5
2023/8/17, , , 8, 6, 10, 3
2023/8/18, , , 5, 9, 11, 3
2023/8/19, , , 5, 9, 11, 4
2023/8/20, , , 7, 7, 11, 3
2023/1/29, , , 30, 16, , 3
2023/1/30, , , 28, 15, , 2
2023/1/31, , , 20, 10, 2, 2
2023/2/1, , , 13, 17, 3, 2
2022/8/28, , , 9, 6, , 5
2022/8/29, , , 11, 5, , 1
2021/10/1, , , 1, 1, 2, 
2021/10/2, , , 1, 1, 2, 
2021/10/6, , , 1, 2, 4, 
2021/10/7, , , 1, 2, 4, 
2021/10/15, , , 40, 2, 4, 
2021/10/18, , , 1, 2, , 
2021/10/19, , , 1, 2, , 
2021/10/20, , , 1, 2, , 
2021/10/21, , , 1, 1, , 
2021/10/22, , , 2, 2, 13, 3
2021/10/23, , , 2, 7, 13, 3
2021/10/24, , , 2, 7, 13, 3
2021/10/25, , , 2, 8, 13, 3
2021/10/26, , , 2, 9, 13, 4
2021/10/27, , , 2, 9, 14, 4
2021/10/28, , , 2, 7, , 4
2021/10/29, , , 2, 8, , 4
2021/10/30, , , 2, 5, 14, 4
2021/10/31, , , 2, 4, 14, 4
2021/11/1, , , 2, 5, 14, 4
2021/9/30, , , 1, 1, 2, 
2025/8/19, , , , 1, , 
2025/4/7, , , , 5, , 
2025/6/18, , , , 5, 1, 
2021/10/3, , , , 1, , 
2021/10/4, , , , 2, 2, 
2021/10/5, , , , 2, 3, 
2021/10/8, , , , 2, 4, 
2021/10/9, , , , 2, 5, 
2021/10/10, , , , 1, , 
2021/10/11, , , , 1, , 
2021/10/12, , , , 2, , 
2021/10/13, , , , 3, , 
2021/10/14, , , , 2, , 
2021/10/16, , , , 1, 4, 
2021/10/17, , , , 2, 5, 